epoch,data_y_loss,label_graph_loss,total_loss,TN_y,FP_y,FN_y,TP_y,TN_ego,FP_ego,FN_ego,TP_ego
alpha: 0.25, reduction: ['mean_pos', 'mean']
0,0.5284165814518929,0.04578079388011247,0.5741973780095577,2464270.0,15190.0,89499.0,537.0,240940.0,2699.0,3611.0,27.0
1,0.5286512598395348,0.04332178668119013,0.5719730444252491,2463004.0,16456.0,89442.0,594.0,243639.0,0.0,3638.0,0.0
2,0.5277494490146637,0.043321767589077353,0.571071220561862,2466928.0,12532.0,89622.0,414.0,243639.0,0.0,3638.0,0.0
3,0.526422930881381,0.043321766424924135,0.5697446931153536,2470554.0,8906.0,89752.0,284.0,243639.0,0.0,3638.0,0.0
4,0.5266108121722937,0.04332176526077092,0.5699325781315565,2472844.0,6616.0,89849.0,187.0,243639.0,0.0,3638.0,0.0
